Id,Brand,Model,Rank,Benchmark
1173,Nvidia,GeForce 7150M / nForce 630M,652,0.05
1174,MSI,MSI GTX 1060 3GB ARMOR 3G OCV1,78,52.9
1175,Gigabyte,Gigabyte GTX 1060 3GB G1 Gaming R2,78,52.9
1176,AMD,R9 290X,79,52.9
1177,Sapphire,Sapphire R9 290X 4GB TRI-X OC,79,52.9
1178,Asus,Asus R9 290X 4GB DirectCU II,79,52.9
1179,XFX,XFX R9 290X 4GB Double Dissipation,79,52.9
1180,MSI,MSI GTX 1060 3GB 3GT OC,78,52.9
1181,AMD,R9 295X2 (CrossFire Disabled),80,50.8
1182,MSI,MSI GTX 970 4GB Gaming,81,50.5
1183,Asus,ASUS GTX 970 4GB STRIX OC,81,50.5
1184,EVGA,EVGA GTX 970 4GB Super Clocked ACX 2.0,81,50.5
1185,Gigabyte,Gigabyte GTX 970 4GB G1 Gaming,81,50.5
1186,Gigabyte,Gigabyte GTX 970 4GB OC Windforce,81,50.5
1187,EVGA,EVGA GTX 970 4GB SSC ACX 2.0+,81,50.5
1188,Nvidia,GTX 970,81,50.5
1189,Asus,Asus GTX 970 4GB Turbo OC,81,50.5
1190,Gigabyte,Gigabyte GTX 1060 3GB Mini ITX OC,78,52.9
1191,Gigabyte,Gigabyte GTX 1060 3GB Windforce OC,78,52.9
1192,Sapphire,Sapphire RX 580 8GB Pulse Nitro+ RX,75,55.1
1193,Asus,Asus RX 580 4GB Dual OC,75,55.1
1194,AMD,R9 Nano,76,54.8
1195,Asus,Asus R9 Nano 4GB,76,54.8
1196,Asus,Asus R9 Nano 4GB White,76,54.8
1197,Gigabyte,Gigabyte R9 Nano 4GB,76,54.8
1198,Gigabyte,Gigabyte GTX 1060 3GB G1 Gaming,78,52.9
1199,Nvidia,GTX Titan Black,77,52.9
1200,Asus,Asus GTX 1060 3GB Dual OC,78,52.9
1201,Zotac,Zotac GTX 1060 3GB Mini,78,52.9
1202,EVGA,EVGA GTX 1060 3GB Gaming,78,52.9
1203,EVGA,EVGA GTX 1060 3GB SC Gaming,78,52.9
1204,MSI,MSI GTX 1060 3GB Gaming X,78,52.9
1205,MSI,MSI GTX 1060 3GB Gaming X,78,52.9
1206,Nvidia,GTX 1060-3GB,78,52.9
1207,EVGA,EVGA GTX 970 4GB FTW+ GAMING ACX 2.0+ w/BP,81,50.5
1208,Zotac,Zotac GTX 970 4GB Graphics Card,81,50.5
1209,AMD,R9 390,82,50.4
1210,XFX,XFX RX 480 8GB RS XXX 1288 MHz,83,48.3
1211,Asus,Asus RX 480 8GB,83,48.3
1212,Sapphire,Sapphire RX 480 8GB NITRO+,83,48.3
1213,Sapphire,Sapphire RX 480 4GB NITRO+,83,48.3
1214,Sapphire,Sapphire RX 480 4GB NITRO+,83,48.3
1215,Sapphire,Sapphire RX 480 8GB NITRO+,83,48.3
1216,XFX,XFX RX 480 4GB RS,83,48.3
1217,PowerColor,PowerColor RX 480 8GB Red Devil,83,48.3
1218,MSI,MSI RX 480 4GB Gaming X,83,48.3
1219,MSI,MSI RX 480 8GB Armor OC,83,48.3
1220,MSI,MSI RX 480 4GB Armor OC,83,48.3
1221,Asus,Asus RX 480 8GB ROG STRIX OC,83,48.3
1222,AMD,R9 290,84,47.6
1223,Sapphire,Sapphire R9 290 4GB TRI-X OC,84,47.6
1224,MSI,MSI RX 480 8GB Gaming X,83,48.3
1225,XFX,XFX RX 480 8GB Black 1338 MHz,83,48.3
1226,XFX,XFX RX 480 8GB XXX 1288 MHz,83,48.3
1227,XFX,XFX RX 480 8GB LED 1288 MHz,83,48.3
1228,MSI,MSI R9 390 8GB Gaming,82,50.4
1229,XFX,XFX R9 390 8GB Black,82,50.4
1230,XFX,XFX R9 390 8GB Double Dissipation,82,50.4
1231,XFX,XFX R9 390 8GB Double Dissipation,82,50.4
1232,XFX,XFX R9 390 8GB Black Nero,82,50.4
1233,Sapphire,Sapphire R9 390 8GB Nitro Tri-X OC +BP,82,50.4
1234,Sapphire,Sapphire R9 390 8GB Nitro Tri-X OC,82,50.4
1235,Asus,Asus R9 390 8GB STRIX,82,50.4
1236,AMD,RX 480,83,48.3
1237,AMD,Sapphire RX 480 8GB,83,48.3
1238,AMD,XFX RX 480 4GB 1266 MHz,83,48.3
1239,AMD,Sapphire RX 480 4GB,83,48.3
1240,AMD,MSI RX 480 8GB,83,48.3
1241,XFX,XFX RX 480 8GB 1328 MHz,83,48.3
1242,XFX,XFX RX 480 8GB 1288 MHz,83,48.3
1243,PowerColor,PowerColor RX 580 8GB Red Dragon V2,75,55.1
1244,XFX,XFX R9 290 4GB Double Dissipation,84,47.6
1245,XFX,XFX RX 580 8GB GTS XXX,75,55.1
1246,XFX,XFX RX 580 8GB OC+,75,55.1
1247,Asus,Asus GTX 1650 Super 4GB TUF Gaming,67,60.2
1248,EVGA,EVGA GTX 1650 Super 4GB SC Ultra,67,60.2
1249,MSI,MSI GTX 1650 Super 4GB Ventus XS,67,60.2
1250,Gigabyte,Gigabyte GTX 1650 Super 4GB 2x Windforce,67,60.2
1251,MSI,MSI GTX 1650 Super 4GB Gaming X,67,60.2
1252,Asus,Asus GTX 1650 Super 4GB Phoenix,67,60.2
1253,Zotac,Zotac GTX 1650 Super 4GB Gaming,67,60.2
1254,Nvidia,GTX Titan Z (SLI Disabled),68,58.9
1255,XFX,XFX RX 5600 XT 8GB Thicc II PRO,69,58.4
1256,AMD,RX 5500,70,57.9
1257,Nvidia,GTX 1660-Ti (Mobile Max-Q),71,57.3
1258,Nvidia,GTX 1060-6GB,72,57.2
1259,EVGA,EVGA GTX 1060 6GB Gaming,72,57.2
1260,EVGA,EVGA GTX 1060 6GB Gaming SC,72,57.2
1261,AMD,RX 5500-XT,69,58.4
1262,Gigabyte,Gigabyte GTX 1060 6GB G1 Gaming,72,57.2
1263,Nvidia,GTX 1650S (Super),67,60.2
1264,Gigabyte,Gigabyte RX 590 8GB Gaming,66,60.6
1265,Asus,Asus R9 Fury 4GB Gaming,63,63.4
1266,XFX,XFX R9 Fury 4GB,63,63.4
1267,Sapphire,Sapphire R9 Fury 4GB NITRO,63,63.4
1268,Nvidia,GTX 1070 (Mobile Max-Q),64,61.1
1269,Nvidia,GTX 980,65,60.8
1270,EVGA,EVGA GTX 980 4GB SC ACX 2.0,65,60.8
1271,Sapphire,Sapphire RX 590 8GB Pulse,66,60.6
1272,MSI,MSI GTX 980 4GB GAMING,65,60.8
1273,AMD,RX 590,66,60.6
1274,XFX,XFX RX 590 8GB Fatboy OC+,66,60.6
1275,Sapphire,Sapphire RX 590 8GB Nitro+,66,60.6
1276,PowerColor,PowerColor RX 590 8GB Red Dragon,66,60.6
1277,PowerColor,PowerColor RX 590 8GB Red Devil,66,60.6
1278,MSI,MSI RX 590 8GB Armor OC,66,60.6
1279,Asus,ASUS GTX 980 4GB STRIX OC,65,60.8
1280,Zotac,Zotac GTX 1060 6GB AMP,72,57.2
1281,Zotac,Zotac GTX 1060 6GB Mini,72,57.2
1282,MSI,MSI GTX 1060 6GB Gaming X,72,57.2
1283,Sapphire,Sapphire R9 390X 8GB TRIPLE Tri-X OC,74,55.5
1284,Gigabyte,Gigabyte R9 390X 8GB G1 Gaming,74,55.5
1285,XFX,XFX R9 390X 8GB Double Dissipation,74,55.5
1286,AMD,RX 580,75,55.1
1287,MSI,MSI RX 580 8GB Gaming X,75,55.1
1288,MSI,MSI RX 580 4GB Gaming X,75,55.1
1289,MSI,MSI R9 390X 8GB Gaming,74,55.5
1290,Gigabyte,Gigabyte RX 580 8GB AORUS XTR,75,55.1
1291,MSI,MSI RX 580  4GB Armor OC,75,55.1
1292,Asus,Asus RX 580 8GB ROG Strix,75,55.1
1293,Gigabyte,Gigabyte RX 580 8GB Gaming,75,55.1
1294,Gigabyte,Gigabyte RX 580 8GB AORUS,75,55.1
1295,Sapphire,Sapphire RX 580 8GB Pulse,75,55.1
1296,XFX,XFX RX 580 4GB OC+,75,55.1
1297,MSI,MSI RX 580  8GB Armor OC,75,55.1
1298,AMD,R9 390X,74,55.5
1299,Nvidia,GTX 780-Ti,73,55.8
1300,Asus,Asus GTX 1060 6GB Dual OC,72,57.2
1301,Asus,Asus GTX 1060 6GB Dual OC,72,57.2
1302,Gigabyte,Gigabyte GTX 1060 6GB Windforce OC,72,57.2
1303,Asus,Asus GTX 1060 6GB ROG STRIX OC,72,57.2
1304,Asus,Asus GTX 1060 6GB TURBO,72,57.2
1305,Gainward," Gainward GTX 1060 6GB Pheonix GS",72,57.2
1306,MSI,MSI GTX 1060 6G Armor OC,72,57.2
1307,MSI,MSI GTX 1060 6G Armor OCV1,72,57.2
1308,Asus,Asus GTX 1060 6GB ROG STRIX,72,57.2
1309,PNY,PNY GTX 1060 6GB,72,57.2
1310,PNY,PNY GTX 1060 6GB OC,72,57.2
1311,Gigabyte,Gigabyte GTX 1060 6GB Xtreme Gaming,72,57.2
1312,EVGA,EVGA GTX 1060 6GB Gaming SSC,72,57.2
1313,Gigabyte,Gigabyte GTX 1060 6GB G1 Gaming R2,72,57.2
1314,MSI,MSI GTX 1060 6GB 6GT OCV1,72,57.2
1315,MSI,MSI GTX 1060 6GB Gaming,72,57.2
1316,XFX,XFX RX 580 8GB Black OC+,75,55.1
1317,XFX,XFX R9 290 4GB Black Double Dissipation,84,47.6
1318,MSI,MSI R9 290 4GB GAMING,84,47.6
1319,Sapphire,Sapphire R9 290 4GB VAPOR-X TRI-X OC,84,47.6
1320,PowerColor,PowerColor R9 285 2GB Turbo Duo,113,33.6
1321,AMD,R9 280,114,32.7
1322,Sapphire,Sapphire R9 280 3GB Dual-X,114,32.7
1323,XFX,XFX R9 280 3GB Double Dissipation,114,32.7
1324,XFX,XFX R9 280 3GB Double Dissipation Black,114,32.7
1325,Nvidia,Quadro K5200,115,32.3
1326,Sapphire,Sapphire R9 285 2GB Dual-X OC,113,33.6
1327,Nvidia,GTX 970M,116,31.8
1328,Nvidia,GTX 1050-Ti (Mobile),118,30.8
1329,AMD,HD 7950,119,30.8
1330,Nvidia,GTX 1050-Ti,120,30.8
1331,EVGA,EVGA GTX 1050 Ti 4GB SC Single Fan,120,30.8
1332,EVGA,EVGA GTX 1050 Ti 4GB Gaming Single Fan,120,30.8
1333,EVGA,EVGA GTX 1050 Ti 4GB SSC GAMING ACX 3.0,120,30.8
1334,Nvidia,Quadro M4000,117,31.5
1335,MSI,MSI GTX 1050 Ti 4GB OC,120,30.8
1336,MSI,MSI R9 285 2GB GAMING,113,33.6
1337,EVGA,EVGA GTX 960 4GB FTW GAMING ACX 2.0+,112,33.8
1338,XFX,XFX R9 380 4GB 4DF5,110,34.5
1339,Asus,Asus R9 380 2GB STRIX,110,34.5
1340,Asus,Asus R9 380  4GB STRIX GAMING,110,34.5
1341,PowerColor,PowerColor R9 380 4GB PCS+,110,34.5
1342,Nvidia,GTX 680,111,34.1
1343,Nvidia,GTX 960,112,33.8
1344,AMD,R9 285,113,33.6
1345,EVGA,EVGA GTX 960 2GB SuperSC ACX 2.0+,112,33.8
1346,MSI,MSI GTX 960 2GB Gaming,112,33.8
1347,MSI,MSI GTX 960 4GB Gaming,112,33.8
1348,EVGA,EVGA GTX 960 4GB SuperSC ACX 2.0 Backplate,112,33.8
1349,Gigabyte,Gigabyte GTX 960 2GB Windforce 2X,112,33.8
1350,Gigabyte,Gigabyte GTX 960 2GB OC,112,33.8
1351,Asus,ASUS GTX 960 4GB STRIX,112,33.8
1352,Asus,ASUS GTX 960 2GB STRIX,112,33.8
1353,MSI,MSI GTX 1050 Ti 4GB OC Twin,120,30.8
1354,Gigabyte,Gigabyte GTX 1050 Ti 4GB OC,120,30.8
1355,Zotac,Zotac GTX 1050 Ti 4GB Mini,120,30.8
1356,Nvidia,GTX 660-Ti,124,28.1
1357,Nvidia,GTX 760,125,27.9
1358,Nvidia,GTX 760 Ti OEM,126,27.6
1359,AMD,HD 7870,127,27.2
1360,Nvidia,GTX 1050,128,26.9
1361,Zotac,Zotac GTX 1050 2GB Mini,128,26.9
1362,Asus,Asus R9 270X 2GB DirectCU II,123,28.2
1363,MSI,MSI GTX 1050 2GB OC,128,26.9
1364,MSI,MSI GTX 1050 2GB GAMING X,128,26.9
1365,Gigabyte,Gigabyte GTX 1050 2GB OC,128,26.9
1366,EVGA,EVGA GTX 1050 2GB SC GAMING,128,26.9
1367,Gigabyte,Gigabyte GTX 1050 2GB OC Single,128,26.9
1368,Gigabyte,Gigabyte GTX 1050 2GB Windforce,128,26.9
1369,Asus,Asus GTX 1050 2GB Expedition,128,26.9
1370,MSI,MSI GTX 1050 2GB TWIN OC,128,26.9
1371,Gigabyte,Gigabyte R9 270X 4GB WINDFORCE,123,28.2
1372,Gigabyte,Gigabyte R9 270X 2GB WINDFORCE,123,28.2
1373,Sapphire,Sapphire R9 270X 4GB Dual-X Boost OC,123,28.2
1374,Zotac,Zotac GTX 1050 Ti 4GB Twin,120,30.8
1375,Gigabyte,Gigabyte GTX 1050 Ti 4GB Twin,120,30.8
1376,MSI,MSI GTX 1050 Ti 4GB GAMING X,120,30.8
1377,Asus,Asus GTX 1050 Ti 4GB Expedition,120,30.8
1378,Asus,Asus GTX 1050 Ti 4GB ROG STRIX,120,30.8
1379,EVGA,EVGA GTX 1050 Ti 4GB FTW GAMING ACX 3.0,120,30.8
1380,Gigabyte,Gigabyte GTX 1050 Ti 4GB 1430 MHz,120,30.8
1381,Gigabyte,Gigabyte GTX 1050 Ti 4GB G1 GAMING,120,30.8
1382,PNY,PNY GTX 1050 Ti 4GB Single,120,30.8
1383,Asus,Asus GTX 1050 Ti 4GB Cerberus OC,120,30.8
1384,Gigabyte,Gigabyte GTX 1050 Ti 4GB OC Low Profile,120,30.8
1385,Nvidia,GTX 670,121,29.4
1386,Nvidia,GTX 880M,122,28.6
1387,AMD,R9 270X,123,28.2
1388,Sapphire,Sapphire R9 270X 2GB Dual-X Boost OC,123,28.2
1389,XFX,XFX R9 380 4GB DD Edition 4255,110,34.5
1390,XFX,XFX R9 380 2GB DD Edition F22M,110,34.5
1391,XFX,XFX R9 380 2GB DD Edition 2DF5,110,34.5
1392,Gigabyte,Gigabyte R9 380 4GB G1 Windforce,110,34.5
1393,Nvidia,GTX 1650,93,43
1394,MSI,MSI GTX 1650 4GB Ventus XS OC,93,43
1395,Zotac,Zotac GTX 1650 4GB OC Compact,93,43
1396,Asus,Asus GTX 1650 4GB Phoenix,93,43
1397,Gigabyte,Gigabyte GTX 1650 4GB OC,93,43
1398,Gigabyte,Gigabyte GTX 1650 4GB Mini ITX OC,93,43
1399,AMD,Radeon Pro 5500M,92,43.3
1400,EVGA,EVGA GTX 1650 4GB XC Gaming,93,43
1401,Nvidia,GTX 1650-Ti (Mobile),94,42.4
1402,AMD,RX 470,95,41.7
1403,MSI,MSI RX 470 4GB Gaming X,95,41.7
1404,MSI,MSI RX 470 8GB Gaming X,95,41.7
1405,Sapphire,Sapphire RX 470 8GB NITRO+,95,41.7
1406,Sapphire,Sapphire RX 470 4GB NITRO+,95,41.7
1407,MSI,MSI GTX 1650 4GB Gaming X,93,43
1408,Nvidia,GTX 1060 (Mobile Max-Q),91,43.3
1409,Nvidia,Quadro K6000,90,46.2
1410,Nvidia,GTX 1060 (Mobile),89,46.4
1411,Nvidia,GTX Titan,85,47.5
1412,Nvidia,GTX 780,86,47.3
1413,Nvidia,GTX 780 4GB,87,47.2
1414,AMD,RX 570,88,46.9
1415,MSI,MSI RX 570 4G Armor OC,88,46.9
1416,MSI,MSI RX 570 4GB Gaming X,88,46.9
1417,Gigabyte,Gigabyte RX 570 4GB Gaming,88,46.9
1418,Gigabyte,Gigabyte RX 570 4GB AORUS,88,46.9
1419,MSI,MSI RX 570 8G Armor OC,88,46.9
1420,Asus,Asus RX 570 4GB ROG Strix,88,46.9
1421,PowerColor,PowerColor RX 570 4GB Red Dragon,88,46.9
1422,XFX,XFX RX 570 4GB Twin,88,46.9
1423,XFX,XFX RX 570 4GB Twin,88,46.9
1424,XFX,XFX RX 570 4GB Twin,88,46.9
1425,XFX,XFX RX 570 4GB Twin XXX,88,46.9
1426,Sapphire,Sapphire RX 470 4GB,95,41.7
1427,Sapphire,Sapphire R9 Fury 4GB TRI-X OC,63,63.4
1428,Sapphire,Sapphire RX 470 4GB,95,41.7
1429,Gigabyte,Gigabyte RX 470 4GB G1 Gaming,95,41.7
1430,Gigabyte,Gigabyte R9 280X 3GB WINDFORCE OC REV3,102,39
1431,Nvidia,Quadro P3000,103,38.9
1432,AMD,Radeon RX Vega M GH,104,37
1433,Nvidia,GTX 1650 (Mobile Max-Q),105,36.6
1434,Nvidia,GTX 770,106,36.6
1435,AMD,FirePro W9000,107,36.3
1436,Sapphire,Sapphire R9 280X 3GB TOXIC,102,39
1437,AMD,Radeon Pro 5300M,108,36.3
1438,AMD,R9 380,110,34.5
1439,MSI,MSI R9 380 GAMING 4GB,110,34.5
1440,Sapphire,Sapphire R9 380 4GB NITRO,110,34.5
1441,Sapphire,Sapphire R9 380 2GB Dual-X OC,110,34.5
1442,Sapphire,Sapphire R9 380 2GB Dual-X OC,110,34.5
1443,Gigabyte,Gigabyte R9 380 4GB G1,110,34.5
1444,AMD,HD 7990 (CrossFire Disabled),109,35.9
1445,Sapphire,Sapphire R9 280X 3GB VAPOR-X,102,39
1446,Sapphire,Sapphire R9 280X 3GB Dual-X OC,102,39
1447,AMD,R9 280X,102,39
1448,PowerColor,PowerColor RX 470 4GB Red Devil/Dragon,95,41.7
1449,PwrHis,HIS RX 470 4GB IceQ X² OC,95,41.7
1450,XFX,XFX RX 470 4GB Single Fan,95,41.7
1451,XFX,XFX RX 470 4GB Black,95,41.7
1452,MSI,MSI RX 470 4GB ARMOR OC,95,41.7
1453,Nvidia,GTX 1650 (Mobile),96,41.6
1454,Nvidia,Quadro P2000,97,41.1
1455,Nvidia,GTX 980M,98,40.9
1456,Nvidia,GeForce GTX 690 (SLI Disabled),99,40.1
1457,AMD,R9 380X,100,39.8
1458,XFX,XFX R9 380X 4GB Black DD XXX OC,100,39.8
1459,Sapphire,Sapphire R9 380X 4GB Nitro Dual-X OC,100,39.8
1460,Gigabyte,Gigabyte R9 380X 4GB Gaming,100,39.8
1461,PowerColor,PowerColor R9 280X 3GB OC,100,39.8
1462,AMD,HD 7970,101,39.5
1463,Asus,Asus RX 470 4GB ROG STRIX OC,95,41.7
1464,EVGA,EVGA GTX 1050 2GB SSC GAMING,128,26.9
1465,Sapphire,Sapphire R9 Fury 4GB TRI-X OC,63,63.4
1466,AMD,Gigabyte R9 Fury X 4GB,62,64.6
1467,Asus,Asus RX 5700 XT 8GB TUF Gaming 3,25,108
1468,Asus,"Asus RX 5700 XT 8GB ROG Strix ",25,108
1469,AMD,RX 5700XT 50th Anniversary,26,107
1470,Nvidia,RTX 2070,27,105
1471,Gigabyte,Gigabyte RTX 2070 8GB Gaming OC,27,105
1472,EVGA,EVGA RTX 2070 8GB XC Gaming Dual HDB,27,105
1473,XFX,XFX RX 5700 XT 8GB Thicc III,25,108
1474,MSI,MSI RTX 2070 8GB Gaming Z,27,105
1475,Asus,Asus RTX 2070 8GB ROG STRIX,27,105
1476,MSI,MSI RTX 2070 8GB Armor OC,27,105
1477,Gigabyte,Gigabyte RTX 2070 8GB Windforce,27,105
1478,EVGA,EVGA RTX 2070 8GB Black Gaming,27,105
1479,Zotac,Zotac RTX 2070 8GB Mini,27,105
1480,Asus,Asus RTX 2070 8GB Dual,27,105
1481,EVGA,EVGA RTX 2070 8GB XC Ultra Gaming,27,105
1482,MSI,MSI RTX 2070 8GB Tri Frozr,27,105
1483,XFX,XFX RX 5700 XT 8GB Thicc III Ultra,25,108
1484,Sapphire,Sapphire RX 5700 XT 8GB Pulse,25,108
1485,AMD,Radeon-VII,24,111
1486,AMD,Sapphire Radeon VII 16GB,24,111
1487,AMD,Asus Radeon VII 16GB,24,111
1488,AMD,RX 5700-XT,25,108
1489,AMD,PowerColor RX 5700 XT 8GB,25,108
1490,AMD,Sapphire RX 5700 XT 8GB,25,108
1491,Gigabyte,Gigabyte RX 5700 XT 8GB Gaming OC,25,108
1492,AMD,XFX RX 5700 XT 8GB,25,108
1493,AMD,Asus RX 5700 XT 8GB,25,108
1494,AMD,Gigabyte RX 5700 XT 8GB,25,108
1495,Sapphire,Sapphire RX 5700 XT 8GB Pulse,25,108
1496,PowerColor,PowerColor RX 5700 XT 8GB Red Devil,25,108
1497,PowerColor,PowerColor RX 5700 XT 8GB Red Dragon,25,108
1498,Sapphire,Sapphire RX 5700 XT 8GB Nitro+,25,108
1499,AMD,MSI RX 5700 XT 8GB Gaming,25,108
1500,Nvidia,GTX 1080,28,105
1501,EVGA,EVGA GTX 1080 8GB Founders Edition,28,105
1502,Asus,ASUS GTX 1080 8GB Founders Edition,28,105
1503,Gigabyte,Gigabyte RTX 2060 Super 8GB Gaming,30,99.2
1504,EVGA,EVGA RTX 2060 Super 8GB SC XC Ultra Gaming,30,99.2
1505,MSI,MSI RTX 2060 Super 8GB Gaming X,30,99.2
1506,Gigabyte,Gigabyte RTX 2060 Super 8GB Windforce OC,30,99.2
1507,Gigabyte,Gigabyte RTX 2060 Super 8GB Aorus,30,99.2
1508,EVGA,EVGA RTX 2060 8GB Super SC Black,30,99.2
1509,Nvidia,RTX 2060S (Super),30,99.2
1510,EVGA,EVGA RTX 2060 Super 8GB SC Ultra Gaming,30,99.2
1511,AMD,RX Vega-64LC (Liquid Cooled),31,99
1512,AMD,Gigabyte RX Vega 64 8GB LC,31,99
1513,AMD,Sapphire RX Vega 64 8GB LC,31,99
1514,AMD,XFX RX Vega 64 8GB LC,31,99
1515,Nvidia,RTX 2070S (Super Mobile),32,97
1516,Nvidia,GTX 1070-Ti,33,96.8
1517,Zotac,Zotac RTX 2060 Super 8GB Mini Gaming,30,99.2
1518,Nvidia,Quadro GP100,29,104
1519,Gigabyte,Gigabyte GTX 1080 8GB Windforce,28,105
1520,Gigabyte,Gigabyte GTX 1080 8GB Turbo,28,105
1521,Nvidia,MSI GTX 1080 8GB Founders Edition,28,105
1522,Nvidia,Zotac GTX 1080 8GB Founders Edition,28,105
1523,Nvidia,Gigabyte GTX 1080 8GB Founders Edition,28,105
1524,EVGA,EVGA GTX 1080 8GB SC GAMING ACX 3.0,28,105
1525,MSI,MSI GTX 1080 8GB GAMING X,28,105
1526,Gigabyte,Gigabyte GTX 1080 8GB G1 Gaming,28,105
1527,EVGA,EVGA GTX 1080 8GB FTW ACX 3.0,28,105
1528,Asus,Asus GTX 1080 8GB ROG STRIX,28,105
1529,Asus,Asus GTX 1080 8GB ROG STRIX,28,105
1530,Zotac,Zotac GTX 1080 8GB AMP,28,105
1531,Zotac,Zotac GTX 1080 8GB AMP Extreme,28,105
1532,Gigabyte,Gigabyte GTX 1080 8GB Xtreme,28,105
1533,Gigabyte,Gigabyte GTX 1080 8GB Xtreme Pack,28,105
1534,Gigabyte,Gigabyte GTX 1080 8GB Xtreme Water,28,105
1535,EVGA,EVGA GTX 1080 8GB FTW2,28,105
1536,Nvidia,RTX 2080 (Mobile),23,113
1537,Asus,Asus GTX 1070 Ti 8GB STRIX,33,96.8
1538,EVGA,EVGA RTX 2070 Super 8GB KO Gaming,22,119
1539,Asus,Asus RTX 2070 Super 8GB Dual Evo,22,119
1540,Nvidia,Titan Xp,12,142
1541,AMD,RX 6800,13,138
1542,Nvidia,RTX 2080S (Super),14,137
1543,Gigabyte,Gigabyte RTX 2080 Super 8GB Gaming,14,137
1544,EVGA,EVGA RTX 2080 Super 8GB XC Ultra,14,137
1545,MSI,MSI RTX 2080 Super 8GB Gaming X,14,137
1546,Nvidia,RTX 3070,11,152
1547,Asus,Asus RTX 2080 Super 8GB ROG Strix A8G,14,137
1548,MSI,MSI RTX 2080 Super 8GB Ventus XS OC,14,137
1549,MSI,MSI RTX 2080 Super 8GB Ventus OC,14,137
1550,Gigabyte,Gigabyte RTX 2080 Super 8GB Windforce,14,137
1551,EVGA,EVGA RTX 2080 Super 8GB Black Gaming,14,137
1552,Gigabyte,Gigabyte RTX 2080 Super 8GB Aorus Windforce,14,137
1553,EVGA,EVGA RTX 2080 Super 8GB KO Dual,14,137
1554,Asus,Asus RTX 2080 Super 8GB ROG Strix O8G,14,137
1555,Nvidia,GTX 1080-Ti,15,136
1556,Nvidia,Titan V,10,159
1557,Nvidia,Quadro RTX 6000,8,171
1558,Nvidia,RTX 3080,3,203
1559,AMD,RX 6900-XT,4,191
1560,Nvidia,Titan RTX,5,185
1561,Nvidia,NVidia Titan RTX 24GB,5,185
1562,Nvidia,Quadro RTX 8000,6,175
1563,Nvidia,RTX 2080-Ti,7,175
1564,AMD,RX 6800-XT,9,165
1565,Zotac,Zotac RTX 2080 Ti 11GB GAMING AMP SPECTRA RGB,7,175
1566,MSI,MSI RTX 2080 Ti 11GB Gaming,7,175
1567,Gigabyte,Gigabyte RTX 2080 Ti 11GB Gaming OC,7,175
1568,Asus,Asus RTX 2080 Ti 11GB ROG Strix,7,175
1569,EVGA,EVGA RTX 2080 Ti 11GB FTW3 Ultra Gaming,7,175
1570,EVGA,EVGA RTX 2080 Ti 11GB Black,7,175
1571,Gigabyte,Gigabyte RTX 2080 Ti 11GB Xtreme,7,175
1572,Asus,Asus RTX 2080 Ti 11GB Dual-fan OC,7,175
1573,EVGA,EVGA GTX 1080 Ti 11GB Founders Edition,15,136
1574,Nvidia,Gigabyte GTX 1080 Ti 11GB Founders Edition,15,136
1575,Nvidia,MSI GTX 1080 Ti 11GB Founders Edition,15,136
1576,Asus,Asus RTX 2080 8GB Dual OC,20,128
1577,Gigabyte,Gigabyte RTX 2080 8GB Gaming OC,20,128
1578,EVGA,EVGA RTX 2080 8GB XC Ultra Gaming,20,128
1579,Asus,Asus RTX 2080 8GB ROG STRIX,20,128
1580,EVGA,EVGA RTX 2080 8GB XC Gaming,20,128
1581,Nvidia,RTX 2080S (Super Mobile),21,120
1582,Gigabyte,Gigabyte RTX 2080 8GB Windforce OC,20,128
1583,Nvidia,RTX 2070S (Super),22,119
1584,Gigabyte,Gigabyte RTX 2070 Super 8GB Gaming,22,119
1585,MSI,MSI RTX 2070 Super 8GB Ventus,22,119
1586,Gigabyte,Gigabyte RTX 2070 Super 8GB 3X Windforce,22,119
1587,Gigabyte,Gigabyte RTX 2070 Super 8GB 3X Gaming,22,119
1588,MSI,MSI RTX 2070 Super 8GB Gaming X,22,119
1589,EVGA,EVGA RTX 2070 Super 8GB Super Black Gaming,22,119
1590,EVGA,EVGA RTX 2070 Super 8GB SC XC Ultra Gaming,22,119
1591,MSI,MSI RTX 2080 8GB Gaming X Trio,20,128
1592,Nvidia,RTX 2080,20,128
1593,Nvidia,Quadro P6000,19,130
1594,Nvidia,Zotac GTX 1080 Ti 11GB Founders Edition,15,136
1595,Asus,Asus GTX 1080 Ti 11GB Founders Edition,15,136
1596,Asus,Asus GTX 1080 Ti 11GB Gaming OC,15,136
1597,MSI,MSI GTX 1080 TI 11GB Gaming X,15,136
1598,Gigabyte,Gigabyte GTX 1080 Ti 11GB AORUS,15,136
1599,EVGA,EVGA GTX 1080 Ti 11GB FTW3 Gaming,15,136
1600,Asus,Asus GTX 1080 Ti 11GB ROG Strix OC,15,136
1601,EVGA,EVGA GTX 1080 Ti 11GB SC Black,15,136
1602,Asus,Asus GTX 1080 Ti 11GB ROG Strix,15,136
1603,EVGA,EVGA GTX 1080 Ti 11GB SC2 Gaming,15,136
1604,Gigabyte,Gigabyte GTX 1080 Ti 11GB AORUS Xtreme,15,136
1605,Nvidia,RTX 3060-Ti,16,132
1606,Nvidia,Quadro RTX 5000,17,132
1607,Nvidia,Titan X Pascal,18,131
1608,Nvidia,NVidia Titan X Pascal 12GB,18,131
1609,Zotac,Zotac RTX 2070 Super 8GB Mini,22,119
1610,MSI,MSI GTX 1070 Ti 8GB Gaming,33,96.8
1611,EVGA,EVGA GTX 1070 Ti 8GB SC GAMING,33,96.8
1612,Gigabyte,Gigabyte GTX 1070 Ti 8GB Gaming OC,33,96.8
1613,EVGA,EVGA GTX 980 Ti 6GB ACX SC+ ACX 2.0+ w/BP,48,80.2
1614,EVGA,EVGA GTX 980 Ti 6GB SC,48,80.2
1615,Asus,ASUS GTX 980 Ti 6GB,48,80.2
1616,MSI,MSI GTX 980 Ti 6GB Gaming,48,80.2
1617,Gigabyte,Gigabyte GTX 980 Ti 6GB GV-N98TG1,48,80.2
1618,Gigabyte,Gigabyte GTX 980 Ti 6GB Windforce 3X OC,48,80.2
1619,Nvidia,GTX 980-Ti,48,80.2
1620,MSI,MSI GTX 980 TI 6GB OC GOLDEN LE,48,80.2
1621,Nvidia,RTX 2070 (Mobile Max-Q),49,79.7
1622,Nvidia,GTX Titan X,50,79.4
1623,EVGA,EVGA GTX TITAN X 12GB SC,50,79.4
1624,Asus,ASUS GTX TITAN X 12GB,50,79.4
1625,EVGA,EVGA GTX TITAN X 12GB,50,79.4
1626,Nvidia,GTX 1080 (Mobile Max-Q),51,78.1
1627,EVGA,EVGA GTX 980 Ti 6GB Classified Gaming ACX 2.0+,48,80.2
1628,Nvidia,GTX 1660-Ti,52,76.5
1629,EVGA,EVGA GTX 1070 8GB FTW2,47,80.5
1630,MSI,MSI GTX 1070 8GB SEA HAWK X,47,80.5
1631,EVGA,EVGA GTX 1070 8GB SC GAMING,47,80.5
1632,Asus,Asus GTX 1070 8GB STRIX OC,47,80.5
1633,EVGA,EVGA GTX 1070 8GB FTW Gaming,47,80.5
1634,Asus,Asus GTX 1070 8GB STRIX,47,80.5
1635,Zotac,Zotac GTX 1070 8GB AMP! Extreme,47,80.5
1636,Gigabyte,Gigabyte GTX 1070 8GB Windforce OC,47,80.5
1637,Gigabyte,Gigabyte GTX 1070 8GB Mini ITX OC,47,80.5
1638,MSI,MSI GTX 1070 8GB Gaming,47,80.5
1639,EVGA,EVGA GTX 1070 8GB SC Gaming ACX 3.0,47,80.5
1640,EVGA,EVGA GTX 1070 8GB Gaming ACX 3.0,47,80.5
1641,EVGA,EVGA GTX 1070 8GB FTW DT Gaming,47,80.5
1642,Gainward,Gainward GTX 1070 8GB Phoenix GS,47,80.5
1643,Gigabyte,Gigabyte GTX 1070 8GB XTREME,47,80.5
1644,Asus,Asus GTX 1070 8GB Turbo,47,80.5
1645,Asus,Asus GTX 1070 8GB Dual OC,47,80.5
1646,MSI,MSI GTX 1660 Ti 6GB Ventus XS OC,52,76.5
1647,EVGA,EVGA GTX 1660 Ti 6GB Black Gaming,52,76.5
1648,MSI,MSI GTX 1660 Ti 6GB Gaming X,52,76.5
1649,EVGA,EVGA GTX 1660 6GB XC Ultra Gaming,58,68.7
1650,MSI,MSI GTX 1660 6GB Ventus XS OC,58,68.7
1651,MSI,MSI GTX 1660 6GB Gaming X,58,68.7
1652,EVGA,EVGA GTX 1660 6GB XC Black,58,68.7
1653,Asus,Asus GTX 1660 6GB Phoenix,58,68.7
1654,Gigabyte,Gigabyte GTX 1660 6GB Gaming OC,58,68.7
1655,Gigabyte,Gigabyte GTX 1660 6GB OC,58,68.7
1656,Zotac,Zotac GTX 1660 6GB Compact,58,68.7
1657,Nvidia,Quadro P4000,59,68
1658,Nvidia,Quadro P5000-M (Mobile),60,67.1
1659,Nvidia,GTX 1660-Ti (Mobile),61,64.8
1660,AMD,R9 Fury-X,62,64.6
1661,AMD,XFX R9 FURY X 4GB,62,64.6
1662,AMD,"Sapphire R9 Fury X 4GB ",62,64.6
1663,Zotac,Zotac GTX 1660 6GB Gaming Compact,58,68.7
1664,Nvidia,GTX 1660,58,68.7
1665,Nvidia,GTX 1070 (Mobile),57,70.7
1666,Asus,Asus GTX 1660 Super 6GB TUF Gaming,56,71.4
1667,Asus,Asus GTX 1660 Ti 6GB Dual,52,76.5
1668,EVGA,EVGA GTX 1660 Ti 6GB XC Gaming,52,76.5
1669,Gigabyte,Gigabyte GTX 1660 Ti 6GB Windforce OC,52,76.5
1670,Gigabyte,Gigabyte GTX 1660 Ti 6GB OC,52,76.5
1671,Asus,Asus GTX 1660 Ti 6GB Phoenix,52,76.5
1672,Nvidia,Quadro M6000 24GB,53,75.3
1673,Nvidia,Quadro M6000,54,74.8
1674,Nvidia,RTX 2060 (Mobile),55,71.4
1675,Nvidia,GTX 1660S (Super),56,71.4
1676,MSI,MSI GTX 1660 Super 6GB Ventus XS OC,56,71.4
1677,Gigabyte,Gigabyte GTX 1660 Super 6GB OC,56,71.4
1678,EVGA,EVGA GTX 1660 Super 6GB SC Ultra Gaming,56,71.4
1679,Zotac,Zotac GTX 1660 Super 6GB Compact,56,71.4
1680,MSI,MSI GTX 1660 Super 6GB Gaming X,56,71.4
1681,Asus,Asus GTX 1660 Super 6GB Dual Evo,56,71.4
1682,MSI,MSI GTX 1070 8GB ARMOR OC,47,80.5
1683,Gigabyte,Gigabyte GTX 1070 8GB G1 Gaming,47,80.5
1684,MSI,MSI GTX 1070 8GB GAMING X,47,80.5
1685,MSI,MSI GTX 1070 8GB GAMING X,47,80.5
1686,AMD,PowerColor RX 5700 8GB,40,90.1
1687,AMD,Sapphire RX 5700 8GB,40,90.1
1688,AMD,XFX RX 5700 8GB,40,90.1
1689,AMD,MSI RX 5700 8GB,40,90.1
1690,Sapphire,Sapphire RX 5700 8GB Pulse,40,90.1
1691,MSI,MSI RX 5700 8GB Mech,40,90.1
1692,AMD,RX 5700,40,90.1
1693,Sapphire,Sapphire RX 5700 8GB Pulse,40,90.1
1694,XFX,XFX RX 5700 8GB DD Ultra,40,90.1
1695,Gigabyte,Gigabyte RX 5700 8GB Gaming OC,40,90.1
1696,MSI,MSI RX 5700 8GB Evoke OC,40,90.1
1697,AMD,Vega Frontier Edition,41,90
1698,AMD,Radeon Vega Frontier Edition Air,41,90
1699,AMD,RX 5600-XT,42,90
1700,PowerColor,PowerColor RX 5700 8GB Red Devil,40,90.1
1701,Nvidia,RTX 2070 (Mobile),39,90.8
1702,Nvidia,Quadro P5000,38,94.4
1703,MSI,MSI RX Vega 64 8GB Gaming Air Boost,37,95.2
1704,MSI,MSI GTX 1070 Ti 8GB Aero,33,96.8
1705,Asus,Asus GTX 1070 Ti 8GB ROG Strix Gaming,33,96.8
1706,EVGA,EVGA GTX 1070 Ti 8GB FTW2 GAMING,33,96.8
1707,Gigabyte,Gigabyte GTX 1070 Ti 8GB Gaming,33,96.8
1708,EVGA,EVGA GTX 1070 Ti 8GB FTW ULTRA SILENT GAMING,33,96.8
1709,MSI,MSI GTX 1070 Ti 8GB TITANIUM,33,96.8
1710,Nvidia,GTX 1080 (Mobile),34,95.9
1711,Nvidia,RTX 2080S (Super Mobile Max-Q),35,95.8
1712,Nvidia,Quadro RTX 4000,36,95.3
1713,AMD,RX Vega-64,37,95.2
1714,AMD,Gigabyte RX Vega 64 8GB,37,95.2
1715,AMD,XFX RX Vega 64 8GB,37,95.2
1716,AMD,Sapphire RX Vega 64 8GB,37,95.2
1717,Asus,Asus RX Vega 64 8GB ROG Strix Gaming,37,95.2
1718,Gigabyte,Gigabyte RX Vega 64 8GB Gaming OC,37,95.2
1719,Sapphire,Sapphire RX 5600 XT 6GB Pulse,42,90
1720,AMD,R9 Fury,63,63.4
1721,PowerColor,PowerColor RX 5600 XT 6GB Red Devil,42,90
1722,XFX,XFX RX 5600 XT 6GB Thicc II PRO,42,90
1723,AMD,Sapphire RX Vega 56 8GB,46,84.1
1724,AMD,XFX RX Vega 56 8GB,46,84.1
1725,AMD,Gigabyte RX Vega 56 8GB,46,84.1
1726,MSI,MSI RX Vega 56 8GB Gaming Air Boost,46,84.1
1727,Gigabyte,Gigabyte RX Vega 56 8GB OC,46,84.1
1728,Sapphire,Sapphire RX Vega 56 8GB Pulse,46,84.1
1729,AMD,RX Vega-56,46,84.1
1730,ASRock,ASRock RX Vega 56 8GB Phantom Gaming X,46,84.1
1731,Asus,ASUS GTX 1070 8GB Founders Edition,47,80.5
1732,Nvidia,"ZOTAC GTX 1070 8GB Founders Edition ",47,80.5
1733,Nvidia,PNY GTX 1070 8GB Founders Edition,47,80.5
1734,Nvidia,Gigabyte GTX 1070 8GB Founders Edition,47,80.5
1735,Nvidia,MSI GTX 1070 Founders Edition,47,80.5
1736,EVGA,EVGA GTX 1070 8GB Founders Edition,47,80.5
1737,Nvidia,GTX 1070,47,80.5
1738,Nvidia,RTX 2070S (Super Mobile Max-Q),45,85.6
1739,MSI,MSI RTX 2060 6GB Ventus XS,44,88.9
1740,EVGA,EVGA RTX 2060 KO 6GB Gaming,44,88.9
1741,Gigabyte,Gigabyte RX 5600 XT 6GB Gaming OC,42,90
1742,Gigabyte,Gigabyte RX 5600 XT 6GB Windforce OC,42,90
1743,MSI,MSI RX 5600 XT 6GB Gaming MX,42,90
1744,Nvidia,RTX 2080 (Mobile Max-Q),43,90
1745,Nvidia,RTX 2060,44,88.9
1746,MSI,MSI RTX 2060 6GB Ventus,44,88.9
1747,Zotac,Zotac RTX 2060 6GB Twin,44,88.9
1748,Gigabyte,Gigabyte RTX 2060 6GB Gaming OC,44,88.9
1749,EVGA,EVGA RTX 2060 6GB XC Ultra Gaming,44,88.9
1750,Gigabyte,Gigabyte RTX 2060 6GB Windforce OC,44,88.9
1751,MSI,MSI RTX 2060 6GB Gaming Z,44,88.9
1752,Asus,Asus RTX 2060 6GB ROG STRIX,44,88.9
1753,Gigabyte,"Gigabyte RTX 2060 6GB Gaming OC Pro ",44,88.9
1754,EVGA,EVGA RTX 2060 6GB Gaming,44,88.9
1755,EVGA,EVGA RTX 2060 KO 6GB Ultra Gaming,44,88.9
1756,XFX,XFX RX 5600 XT 6GB Thicc II PRO,42,90
1757,PNY,PNY GTX 1050 2GB,128,26.9
1758,EVGA,EVGA GTX 1050 2GB GAMING,128,26.9
1759,Asus,Asus GTX 1050 2GB Phoenix,128,26.9
1760,AMD,Radeon HD 7520G,454,2.35
1761,Intel,HD 510 (Desktop Skylake),455,2.31
1762,Nvidia,NVS 5100M,456,2.3
1763,Nvidia,GeForce GT 220,457,2.3
1764,Nvidia,GeForce GT 330M,458,2.3
1765,Nvidia,Quadro FX 880M,459,2.29
1766,AMD,Radeon HD 6530D,453,2.36
1767,Nvidia,GeForce GT 240M,460,2.28
1768,Intel,HD 4400 (Mobile 1.0/1.1 GHz),462,2.25
1769,Nvidia,GeForce GT 620,463,2.21
1770,AMD,Radeon HD 6520G,464,2.13
1771,Nvidia,GeForce GT 520MX,465,2.13
1772,Nvidia,GeForce 9700M GT,466,2.11
1773,Nvidia,GeForce GT 705,467,2.07
1774,Intel,UHD Graphics 605,461,2.25
1775,Nvidia,GeForce GT 230M,468,2.07
1776,Intel,HD 4400 (Desktop 1.15 GHz),452,2.4
1777,Nvidia,GeForce GT 420M,450,2.52
1778,Nvidia,Quadro FX 1800M,436,2.85
1779,AMD,Radeon HD 6620G,437,2.84
1780,AMD,Radeon HD 8470D,438,2.83
1781,Intel,HD 4000 (Desktop 1.15 GHz),439,2.81
1782,Intel,HD 4600 (Desktop 1.25 GHz),440,2.78
1783,Nvidia,GeForce GT 335M,441,2.77
1784,Intel,Core M HD 5300,451,2.46
1785,Nvidia,GeForce GT 425M,442,2.76
1786,Intel,HD 4600 (Mobile 1.15 GHz),444,2.68
1787,Nvidia,Quadro FX 2700M,445,2.67
1788,Intel," HD 610 (Desktop Kaby Lake)",446,2.64
1789,Intel,HD 4000 (Mobile 1.25 GHz),447,2.61
1790,Nvidia,GeForce GT 525M,448,2.6
1791,Nvidia,GeForce GT 130,449,2.56
1792,AMD,Radeon HD 7540D,443,2.75
1793,AMD,Radeon HD 7500G,469,2.06
1794,Nvidia,GeForce 610M,470,2.05
1795,Nvidia,GeForce 8600 GTS,471,2.05
1796,Nvidia,Quadro FX 770M,491,1.81
1797,Intel,HD 4200 (Mobile 0.85 GHz),492,1.81
1798,Nvidia,GeForce GT 610,493,1.8
1799,Nvidia,GeForce 320M,494,1.8
1800,Nvidia,GeForce 9650M-GT,495,1.78
1801,Nvidia,GeForce GT 220M,496,1.75
1802,ATI,Radeon HD 2600-XT,490,1.81
1803,ATI,Radeon HD 2600,497,1.73
1804,Nvidia,Quadro FX 1600M,499,1.69
1805,AMD,Radeon HD 6450,500,1.67
1806,AMD,Radeon HD 7450,501,1.66
1807,Nvidia,GeForce 9600M-GT,502,1.66
1808,AMD,Radeon R3 Graphics,503,1.64
1809,Nvidia,GeForce 9500 GT,504,1.62
1810,AMD,Radeon HD 6480G,498,1.69
1811,Nvidia,GeForce GT 420,489,1.82
1812,Intel,HD 3000 (Desktop V2 1.35 GHz),488,1.84
1813,Nvidia,GeForce GT 520,487,1.85
1814,Nvidia,GeForce 7800 GT,472,2.01
1815,Nvidia,GeForce GT 130M,473,2.01
1816,AMD,Radeon R5,474,2
1817,AMD,HD 7470,475,2
1818,AMD,Radeon  HD 6490M,476,2
1819,AMD,Radeon HD 7470M,477,1.98
1820,AMD,Radeon HD 8370D,478,1.96
1821,Nvidia,NVS 4200M,479,1.91
1822,AMD,Radeon HD 7480D,480,1.9
1823,Nvidia,GeForce 9500 GS,481,1.89
1824,Nvidia,Quadro 400,482,1.89
1825,AMD,Radeon HD 7400M,483,1.88
1826,AMD,Radeon HD 6470M,484,1.86
1827,Nvidia,GeForce GT 520M,485,1.86
1828,Intel,HD 3000 (Mobile V2 1.3 GHz),486,1.85
1829,AMD,Radeon HD 7600G,435,2.86
1830,Nvidia,Quadro FX 580,505,1.6
1831,ATI,Radeon HD 4650,434,2.89
1832,AMD,Radeon HD 7640G,432,3.03
1833,Nvidia,GeForce 820M,381,4
1834,Nvidia,Quadro FX 4600,382,3.99
1835,Nvidia,GeForce 9600 GT,383,3.97
1836,Intel,Iris Pro HD 5100 (Mobile 1.1 GHz),384,3.9
1837,Nvidia,GeForce GT 230,385,3.88
1838,Nvidia,NVS 5400M,386,3.87
1839,AMD,Radeon HD 7600M,380,4
1840,Nvidia,GeForce GT 720,387,3.85
1841,ATI,Mobility Radeon HD 4670,389,3.75
1842,AMD,Radeon HD 8610G,390,3.72
1843,Nvidia,GeForce 9800M GTS,391,3.71
1844,Nvidia,GeForce GT 720M,392,3.69
1845,Nvidia,GeForce 710M,393,3.67
1846,Intel,HD 615 (Mobile Kaby Lake),394,3.65
1847,Nvidia,GeForce GT 630,388,3.83
1848,Intel,HD 5500 (Mobile 0.95 GHz),395,3.65
1849,Nvidia,GeForce GT 440,379,4.08
1850,ATI,Mobility Radeon HD 3870-X2 (Crossfire Disabled),377,4.13
1851,Nvidia,GeForce GT 445M,363,4.6
1852,AMD,Radeon HD 8650G,364,4.57
1853,Nvidia,GeForce GT 555M,365,4.54
1854,AMD,Radeon HD 6630M,366,4.52
1855,Intel,HD 530 (Mobile Skylake),367,4.47
1856,Intel,HD 520 (Mobile Skylake),368,4.4
1857,AMD,Radeon HD 7670M,378,4.12
1858,ATI,Radeon HD 3800,369,4.34
1859,AMD,Radeon HD 7660G,371,4.29
1860,Nvidia,GeForce GTS 360M,372,4.26
1861,Nvidia,GeForce GT 240,373,4.25
1862,Nvidia,GeForce 8800 GTS,374,4.23
1863,AMD,Mobility Radeon HD 5730,375,4.2
1864,AMD,Radeon HD 5570,376,4.17
1865,AMD,RX Vega 3 (Ryzen iGPU),370,4.29
1866,Nvidia,GeForce GT 635M,396,3.62
1867,Nvidia,GeForce GT620M,397,3.62
1868,Nvidia,GeForce GT 550M,398,3.61
1869,ATI,Radeon HD 4670,418,3.29
1870,Intel,HD 515 (Mobile Skylake),419,3.27
1871,Intel,HD 5000 (Mobile 1.0/1.1 GHz),420,3.26
1872,Nvidia,GeForce GT 435M,421,3.21
1873,Nvidia,Quadro 600,422,3.2
1874,AMD,Radeon HD 8550G,423,3.2
1875,Nvidia,NVS 510,417,3.3
1876,AMD,Radeon HD 6500M,424,3.2
1877,Intel,HD P4000 (Server 1.25 GHz),426,3.15
1878,AMD,Radeon HD 5500,427,3.11
1879,Nvidia,Quadro FX 3600M,428,3.1
1880,Intel,HD Graphics P4600,429,3.08
1881,AMD,Radeon HD 8510G,430,3.07
1882,AMD,Radeon HD 7610M,431,3.05
1883,Nvidia,GeForce GT 540M,425,3.16
1884,Nvidia,GeForce 9800M-GS,416,3.32
1885,Nvidia,GeForce GT 430,415,3.32
1886,Nvidia,GeForce GT625M,414,3.37
1887,AMD,Radeon HD 8570D,399,3.6
1888,AMD,Radeon HD 7650M,400,3.58
1889,AMD,Radeon HD 7500M,401,3.56
1890,Nvidia,Quadro K600,402,3.56
1891,AMD,Radeon HD 7560D,403,3.56
1892,Nvidia,Quadro FX 1800,404,3.56
1893,Nvidia,Quadro K1000M,405,3.56
1894,Nvidia,GeForce GT 630M,406,3.54
1895,Nvidia,GeForce GT 530,407,3.51
1896,AMD,Radeon HD 6550D,408,3.47
1897,Nvidia,GeForce GTS 250M,409,3.47
1898,Nvidia,Quadro 1000M,410,3.42
1899,Nvidia,NVS 5200M,411,3.39
1900,Nvidia,GeForce GT 320,412,3.39
1901,Nvidia,GeForce GT 710,413,3.37
1902,ATI,Mobility Radeon HD 4650,433,2.93
1903,AMD,Radeon HD 8400-R3,506,1.6
1904,ATI,HD 3650,507,1.57
1905,ATI,Mobility Radeon HD 3670,508,1.56
1906,Nvidia,Quadro NVS 295,601,0.52
1907,Nvidia,GeForce 8400M GS,602,0.52
1908,Nvidia,GeForce 7600 GS,603,0.52
1909,AMD,Radeon HD 6290,604,0.51
1910,Intel,HD Graphics (Arrandale 0.667/0.766 GHz),605,0.51
1911,Intel,4 Series Internal Chipset,606,0.5
1912,Nvidia,Quadro NVS 160M,600,0.52
1913,Intel,G45/G43 Express Chipset,607,0.5
1914,Nvidia,Quadro NVS 450,609,0.49
1915,ATI,Radeon HD 3450,610,0.49
1916,AMD,Radeon X1650,611,0.49
1917,Nvidia,GeForce 9300 GS,612,0.48
1918,AMD,Radeon HD 6250M,613,0.47
1919,AMD,Radeon HD 6250,614,0.44
1920,Nvidia,GeForce 9200M GS,608,0.49
1921,ATI,Radeon HD 3200,615,0.43
1922,ATI,Mobility Radeon HD 3400,599,0.53
1923,ATI,Mobility Radeon HD 4250,597,0.53
1924,Intel,HD 2000 (Desktop 1.1 GHz),583,0.65
1925,Nvidia,GeForce 8400M GT,584,0.65
1926,Intel,HD Graphics (G2 Pentium/Celeron 1.1/1.15 GHz),585,0.65
1927,ATI,Radeon HD 4200,586,0.63
1928,Intel,HD Graphics (Bay Trail 0.667 - 0.854 GHz),587,0.62
1929,ATI,Radeon 3000 Graphics,588,0.61
1930,ATI,Radeon HD 4250,598,0.53
1931,Intel,Q45/Q43 Express Chipset,589,0.59
1932,Nvidia,Quadro FX 1500,591,0.57
1933,ATI,Radeon HD 3300,592,0.57
1934,ATI,Radeon HD 4290,593,0.56
1935,Nvidia,Quadro NVS 140M,594,0.55
1936,Intel,G41 Express Chipset,595,0.55
1937,Nvidia,GeForce 9300M GS,596,0.53
1938,Nvidia,Quadro NVS 290,590,0.58
1939,ATI,Radeon HD 2400-PRO,616,0.43
1940,ATI,FirePro 2260,617,0.42
1941,AMD,Radeon X1600,618,0.41
1942,ATI,Mobility Radeon X2300,638,0.15
1943,Nvidia,GeForce 7300 LE,639,0.15
1944,Nvidia,GeForce Go 7300,640,0.13
1945,ATI,Mobility Radeon X1400,641,0.13
1946,ATI,Mobility Radeon X1300,642,0.12
1947,Nvidia,Quadro NVS 440,643,0.11
1948,AMD,Radeon X1550,637,0.17
1949,Nvidia,GeForce 7300 SE,644,0.08
1950,Nvidia,GeForce 6200,646,0.07
1951,Nvidia,GeForce 7100 / nForce 630i,647,0.07
1952,Nvidia,GeForce 6150,648,0.06
1953,Nvidia,GeForce 6100,649,0.06
1954,Nvidia,GeForce 7025 / nForce 630a,650,0.06
1955,Nvidia,GeForce 6150SE nForce 430,651,0.06
1956,Nvidia,GeForce 7100 GS,645,0.08
1957,AMD,Radeon X1300,636,0.17
1958,Nvidia,GeForce Go 7400,635,0.17
1959,Nvidia,GeForce 7300 GS,634,0.18
1960,ATI,Mobility Radeon HD 2400,619,0.4
1961,Nvidia,GeForce 8200,620,0.39
1962,Intel,Mobile Series 4 Express Chipset Family,621,0.38
1963,Nvidia,Quadro FX 3450/4000 SDI,622,0.37
1964,Nvidia,GeForce Go 7600,623,0.36
1965,Nvidia,GeForce 7300 GT,624,0.35
1966,ATI,Mobility Radeon X1600,625,0.34
1967,Intel,Graphics Media Accelerator 3150,626,0.33
1968,ATI,Radeon 3100 Graphics,627,0.32
1969,ATI,MOBILITY FireGL V5250,628,0.32
1970,Nvidia,GeForce 6600 GT,629,0.31
1971,Nvidia,GeForce 8400M G,630,0.3
1972,Nvidia,Quadro NVS 135M,631,0.3
1973,Nvidia,GeForce 8200M G,632,0.28
1974,Nvidia,GeForce 6600,633,0.24
1975,Intel,HD Graphics (Clarkdale 0.733/0.9 GHz),582,0.65
1976,Nvidia,GeForce 7800 GS,581,0.66
1977,Nvidia,Quadro FX 570,580,0.67
1978,AMD,Radeon HD 6310,579,0.67
1979,ATI,Mobility Radeon HD 3650,528,1.26
1980,Nvidia,GeForce 8600M GT,529,1.24
1981,Intel,HD 2500 (Desktop 1.05 GHz),530,1.23
1982,ATI,Mobility Radeon HD 545v,531,1.23
1983,Intel,HD Graphics (G3 Pentium/Celeron 1.0/1.1 GHz),532,1.17
1984,Nvidia,GeForce GT 320M,533,1.15
1985,Nvidia,Quadro FX 1700,527,1.26
1986,AMD,HD 8240,534,1.15
1987,ATI,Mobility Radeon HD 2600,536,1.14
1988,ATI,Mobility Radeon HD 4500,537,1.12
1989,AMD,Radeon HD 6370M,538,1.11
1990,ATI,Mobility Radeon HD 6370,539,1.11
1991,ATI,Radeon HD 4550,540,1.1
1992,Nvidia,GeForce 7800 GTX,541,1.06
1993,ATI,Mobility Radeon HD 4570,535,1.14
1994,Nvidia,GeForce GT 415M,526,1.29
1995,ATI,Radeon HD 2600-PRO,525,1.3
1996,Nvidia,Quadro FX 570M,524,1.35
1997,Intel,HD 3000 (Mobile V1 1.1/1.2 GHz),509,1.56
1998,Nvidia,GeForce 7900 GTX,510,1.55
1999,Intel,UHD Graphics 600,511,1.55
2000,AMD,Radeon HD 7400G,512,1.54
2001,Intel,HD 3000 (Desktop V1 1.1 GHz),513,1.53
2002,Nvidia,Quadro NVS 320M,514,1.53
2003,Nvidia,GeForce 8600 GT,515,1.53
2004,Nvidia,GeForce 9600M-GS,516,1.52
2005,ATI,Mobility Radeon HD 2600-XT,517,1.51
2006,Nvidia,GeForce 410M,518,1.49
2007,AMD,Radeon HD 6410D,519,1.48
2008,Intel,HD Graphics (G4 Pentium/Celeron 1.05/1.15 GHz),520,1.46
2009,AMD,Radeon HD 8330,521,1.4
2010,Nvidia,NVS 310,522,1.39
2011,ATI,Mobility FireGL V5700,523,1.38
2012,AMD,Radeon HD 6300M,542,1.06
2013,AMD,Radeon HD 6570,362,4.72
2014,Nvidia,GeForce 310M,543,1.04
2015,Nvidia,GeForce 315M,545,1.01
2016,Nvidia,GeForce 305M,565,0.83
2017,AMD,Radeon HD 6320,566,0.82
2018,ATI,Mobility Radeon HD 4300,567,0.82
2019,AMD,Radeon HD 5450,568,0.81
2020,Nvidia,GeForce Go 7900,569,0.77
2021,Nvidia,GeForce 210,570,0.76
2022,ATI,Mobility Radeon HD 530v,564,0.85
2023,Nvidia,GeForce 8500 GT,571,0.75
2024,Nvidia,GeForce 8600M GS,573,0.75
2025,Nvidia,GeForce 9400M,574,0.73
2026,Nvidia,GeForce 7600 GT,575,0.72
2027,AMD,Radeon HD 7310,576,0.68
2028,Nvidia,ION,577,0.68
2029,Nvidia,GeForce G105M,578,0.68
2030,Nvidia,GeForce 8400 GS,572,0.75
2031,AMD,HD 8210,563,0.87
2032,Nvidia,GeForce G210,562,0.88
2033,ATI,Radeon HD 5400,561,0.88
2034,Nvidia,GeForce 9400 GT,546,1
2035,ATI,Mobility Radeon HD 5470,547,1
2036,Nvidia,GeForce 7900 GS,548,1
2037,Nvidia,GeForce G210M,549,0.99
2038,Nvidia,GeForce 310,550,0.99
2039,Nvidia,NVS 3100M,551,0.97
2040,AMD,Radeon HD 7350,552,0.97
2041,AMD,Radeon HD 6350,553,0.96
2042,Nvidia,Quadro FX 3500,554,0.95
2043,ATI,Radeon HD 4300,555,0.94
2044,AMD,Radeon HD 7340,556,0.91
2045,Nvidia,Quadro FX 380,557,0.9
2046,Nvidia,NVS 300,558,0.9
2047,ATI,Mobility Radeon HD 4350,559,0.89
2048,AMD,FirePro 2270,560,0.89
2049,Nvidia,Quadro FX 4500,544,1.01
2050,Intel,HD 620 (Mobile Kaby Lake),361,4.74
2051,Nvidia,GeForce GTX 260M,360,4.78
2052,Intel,HD 530 (Desktop Skylake),359,4.79
2053,EVGA,EVGA GTX 750 Ti 2GB FTW,172,18.2
2054,Gigabyte,Gigabyte GTX 750 Ti 2GB OC 2,172,18.2
2055,Gigabyte,Gigabyte GTX 750 Ti 2GB,172,18.2
2056,Intel,Iris Xe,173,18.2
2057,Nvidia,GTX 960M,174,17.6
2058,AMD,R7 360,175,17.5
2059,EVGA,EVGA GTX 750 Ti 2GB,172,18.2
2060,MSI,MSI R7 360 2G OC,175,17.5
2061,Sapphire,Sapphire R7 360 2GB NITRO,175,17.5
2062,Gigabyte,Gigabyte R7 360 2GB,175,17.5
2063,Gigabyte,Gigabyte R7 360 2GB V2,175,17.5
2064,XFX,XFX R7 360 2GB 360P,175,17.5
2065,Asus,Asus R7 360 2GB OC V2,175,17.5
2066,Nvidia,GTX 770M,176,17.3
2067,Sapphire,Sapphire R7 360 2GB OC,175,17.5
2068,Nvidia,Quadro K2200,177,17.3
2069,MSI,MSI GTX 750 Ti 2GB Gaming,172,18.2
2070,Asus,ASUS GTX 750 Ti 2GB OC,172,18.2
2071,AMD,R7 260X,164,19.9
2072,Sapphire,SAPPHIRE R7 260X 2GB OC 2x DVI,164,19.9
2073,Sapphire,SAPPHIRE R7 260X 2GB OC,164,19.9
2074,XFX,XFX 260X 2GB,164,19.9
2075,MSI,MSI R7 260X 2GB OC,164,19.9
2076,AMD,HD 6950,165,19.5
2077,MSI,MSI GTX 750 Ti 2GB,172,18.2
2078,Nvidia,GTX 570,166,19.4
2079,AMD,HD 7850,168,19.3
2080,Nvidia,GTX 480,169,18.9
2081,Nvidia,GTX 560 Ti (448 Core LE),170,18.4
2082,Nvidia,GTX 650 Ti Boost,171,18.3
2083,Nvidia,GTX 750-Ti,172,18.2
2084,EVGA,EVGA GTX 750 Ti 2GB SC,172,18.2
2085,AMD,HD 5870,167,19.3
2086,Nvidia,GTX 560 Ti,178,17.1
2087,AMD,Radeon HD 8950,179,16.7
2088,AMD,FirePro M6100 (FireGL V),180,16.5
2089,Nvidia,GeForce GTX 580M,198,14.5
2090,Nvidia,GTX 765M,199,14.2
2091,Nvidia,GTX 460 v2,200,14.2
2092,Nvidia,GTX 560,201,14.1
2093,Nvidia,Quadro 6000,202,13.9
2094,Nvidia,GTX 675M,203,13.8
2095,Nvidia,GTX 560 Ti-OEM,197,14.5
2096,Nvidia,Quadro K1200,204,13.6
2097,Nvidia,Quadro K4000,206,13.1
2098,AMD,FirePro V7900 (FireGL V),207,12.9
2099,AMD,HD 5830,208,12.7
2100,AMD,HD 7770,209,12.7
2101,AMD,R7 250X,210,12.6
2102,Nvidia,GTX 460,211,12.5
2103,AMD,RX 550,205,13.3
2104,Nvidia,GeForce MX250,196,14.6
2105,Nvidia,GT 1030,195,14.7
2106,Nvidia,MX150-0,194,14.9
2107,Nvidia,Quadro K5000M,181,16.4
2108,Nvidia,GTX 860M,182,16.3
2109,AMD,RX Vega 11 (Ryzen iGPU),183,16.2
2110,AMD,HD 5970 (Crossfire Disabled),184,16.2
2111,Nvidia,GTX 675MX,185,15.7
2112,Parallels,Display Adapter (WDDM),186,15.6
2113,Nvidia,GTX 650-Ti,187,15.4
2114,AMD,HD 5850,188,15.4
2115,Nvidia,GTX 750,189,15.3
2116,EVGA,EVGA GTX 750 1GB Dual-Link,189,15.3
2117,EVGA,EVGA GTX 750 1GB Dual-Link SC,189,15.3
2118,AMD,HD 6870,190,15.2
2119,Nvidia,GTX 850M,191,15.2
2120,Nvidia,GeForce GTX 470,192,15
2121,Nvidia,GTX 950M,193,15
2122,MSI,MSI RX 460 2GB 2G OC,163,20.1
2123,Asus,Asus RX 460 2GB Dual Fan OC,163,20.1
2124,Gigabyte,Gigabyte RX 460 4GB Windforce 2x,163,20.1
2125,XFX,XFX RX 460 4GB SF,163,20.1
2126,AMD,R9 270,137,24.5
2127,Asus,ASUS R9 270 2GB Direct CU II OC,137,24.5
2128,Sapphire,Sapphire R9 270 2GB Dual-X Boost OC,137,24.5
2129,Gigabyte,Gigabyte R9 270 2GB OC,137,24.5
2130,Nvidia,GTX 965M,138,24.1
2131,Nvidia,GTX 870M,139,23.8
2132,Nvidia,GTX 1050 (Mobile),136,24.8
2133,AMD,FirePro W7000,140,22.9
2134,MSI,MSI RX 560 4GB Aero ITX,141,22.8
2135,Nvidia,Quadro M2000,142,22.7
2136,Nvidia,GTX 680MX,143,22.5
2137,Nvidia,Quadro K4200,144,22.3
2138,Nvidia,Quadro K5100M,145,22.1
2139,Nvidia,Quadro K5000,146,22
2140,AMD,RX 560,141,22.8
2141,Nvidia,GeForce GTX 590 (SLI Disabled),135,24.8
2142,Nvidia,Quadro P1000,134,24.9
2143,Vmware,SVGA 3D,133,25.1
2144,Nvidia,GTX 1050-Ti (Mobile Max-Q),129,26.7
2145,Nvidia,GTX 950,130,26.2
2146,Zotac,Zotac GTX 950 2GB,130,26.2
2147,Zotac,Zotac GTX 950 2GB OC,130,26.2
2148,Zotac,Zotac GTX 950 2GB AMP!,130,26.2
2149,EVGA,EVGA GTX 950 2GB SC,130,26.2
2150,EVGA,EVGA GeForce GTX 950 2GB ACX 2.0,130,26.2
2151,EVGA,EVGA GTX 950 2GB SSC ACX,130,26.2
2152,Asus,Asus GTX 950 2GB STRIX GAMING,130,26.2
2153,Gigabyte,Gigabyte GTX 950 2GB Windforce,130,26.2
2154,MSI,MSI GTX 950 2GB GAMING,130,26.2
2155,MSI,MSI GTX 950 2GB OC,130,26.2
2156,Gigabyte,Gigabyte GTX 950 2GB XTREME,130,26.2
2157,Nvidia,GTX 780M,131,25.9
2158,AMD,Radeon RX Vega M GL,132,25.4
2159,Nvidia,GTX 775M,147,21.8
2160,AMD,Radeon HD 8760,212,12.5
2161,AMD,HD 6970,148,21.6
2162,AMD,R7 370,150,21.4
2163,AMD,R9 M290,160,20.3
2164,AMD,Radeon RX 560-B,161,20.3
2165,Nvidia,GTX 680M,162,20.1
2166,AMD,RX 460,163,20.1
2167,Gigabyte,Gigabyte RX 460 4GB Windforce OC,163,20.1
2168,Gigabyte,Gigabyte RX 460 2GB Windforce OC,163,20.1
2169,Microsoft,RemoteFX Graphics Device - WDDM,159,20.5
2170,Asus,Asus RX 460 4GB ROG STRIX OC,163,20.1
2171,PowerColor,PowerColor RX 460 2GB Red Dragon,163,20.1
2172,Sapphire,Sapphire RX 460 4GB Nitro,163,20.1
2173,Sapphire,Sapphire RX 460 2GB 1210 MHz,163,20.1
2174,Sapphire,Sapphire RX 460 2GB 1090 MHz,163,20.1
2175,XFX,XFX RX 460 2GB,163,20.1
2176,XFX,XFX RX 460 2GB,163,20.1
2177,Gigabyte,Gigabyte RX 460 2GB Windforce OC,163,20.1
2178,AMD,HD 7790,158,20.5
2179,MSI,MSI R7 265 2GB OC,157,20.6
2180,Sapphire,"Sapphire R7 265 2GB Dual-X ",157,20.6
2181,MSI,MSI R7 370 4GB Gaming,150,21.4
2182,MSI,MSI R7 370 2GB Gaming,150,21.4
2183,Gigabyte,Gigabyte AMD R7 370 2GB,150,21.4
2184,Sapphire,"Sapphire R7 370 2GB Dual-X OC ",150,21.4
2185,Sapphire,Sapphire R7 370 4GB NITRO Dual-X OC,150,21.4
2186,Asus,ASUS R7 370 2GB STRIX OC,150,21.4
2187,Asus,ASUS R7 370 4GB STRIX OC,150,21.4
2188,XFX,XFX R7 370 2GB 2SF5,150,21.4
2189,Nvidia,GTX 760 (192-bit),151,21.1
2190,Nvidia,GTX 660,152,21.1
2191,AMD,R9 M290X,153,21.1
2192,Nvidia,GeForce MX350,154,21
2193,AMD,HD 6990 (Crossfire Disabled),155,20.9
2194,AMD,Radeon HD 7970M,156,20.9
2195,AMD,R7 265,157,20.6
2196,Nvidia,GTX 580,149,21.6
2197,Nvidia,Quadro RTX A6000,2,207
2198,Nvidia,Quadro K4000M,213,12.4
2199,Nvidia,GTX 465,215,12.1
2200,AMD,Radeon HD 8570,308,6.56
2201,Nvidia,GeForce GTS 240,309,6.54
2202,Nvidia,GeForce GTX 285M,310,6.53
2203,ATI,FirePro M7740,311,6.52
2204,Intel,Iris Pro HD 6100 (Mobile),312,6.5
2205,AMD,FirePro V4900,313,6.49
2206,AMD,Radeon R7 Graphics,307,6.58
2207,Nvidia,MX110,314,6.43
2208,AMD,FirePro V5900 (FireGL V),316,6.38
2209,Nvidia,GeForce 8800 Ultra,317,6.3
2210,Intel,HD 6000 (Mobile),318,6.25
2211,Nvidia,GeForce 8800 GT,319,6.24
2212,Nvidia,Quadro 2000,320,6.2
2213,Nvidia,GeForce GT 740M,321,6.1
2214,Nvidia,GeForce GTX 280M,315,6.39
2215,Nvidia,920MX,322,6.01
2216,AMD,HD 7730,306,6.59
2217,AMD,Radeon  530,304,6.74
2218,ATI,Radeon HD 4800,290,7.29
2219,AMD,Radeon HD 7700M,291,7.25
2220,ATI,Radeon HD 4770,292,7.19
2221,Intel,Iris 540 (Mobile Skylake),293,7.18
2222,Nvidia,GeForce GTS 250,294,7.17
2223,Nvidia,GeForce 8800 GTS-512,295,7.13
2224,Nvidia,Quadro FX 3800,305,6.59
2225,AMD,FirePro M4000,296,7.12
2226,Nvidia,GeForce GT 650M,298,6.98
2227,Nvidia,GeForce GT 640,299,6.96
2228,Nvidia,Quadro 4000,300,6.93
2229,Nvidia,Quadro FX 3800M,301,6.91
2230,Nvidia,GeForce 830M,302,6.89
2231,AMD,Mobility Radeon HD 5850,303,6.81
2232,Nvidia,GeForce GTX 460M,297,7.05
2233,Nvidia,GeForce GT 545,323,5.99
2234,Nvidia,Quadro K2000M,324,5.95
2235,Nvidia,GeForce GT 635,325,5.93
2236,Intel,HD P530 (Server Skylake),345,5.17
2237,Intel,HD 630 (Desktop Kaby Lake),346,5.16
2238,AMD,Radeon HD 7570,347,5.13
2239,ATI,Radeon HD 3870,348,5.12
2240,AMD,Radeon HD 8670D,349,5.09
2241,Intel,UHD Graphics 620 (Mobile Kaby Lake R),350,5.07
2242,AMD,Radeon HD 5670,344,5.21
2243,Nvidia,Quadro FX 3700,351,5.06
2244,AMD,Radeon HD 7660D,353,4.97
2245,Intel,UHD Graphics 630 (Desktop Coffee Lake i3),354,4.94
2246,Nvidia,GeForce 8800 GS,355,4.93
2247,AMD,Radeon HD 6750M,356,4.86
2248,AMD,Radeon 520,357,4.83
2249,Nvidia,GeForce GT 730,358,4.8
2250,Nvidia,Quadro FX 2800M,352,5.02
2251,Intel,Iris Pro HD 5200 (V2 Mobile 1.2 GHz),343,5.23
2252,ATI,FirePro V4800 (FireGL V),342,5.32
2253,Nvidia,Quadro 2000M,341,5.38
2254,AMD,Radeon HD 6670,326,5.91
2255,Intel,UHD G1,327,5.83
2256,Nvidia,Quadro 3000M,328,5.78
2257,Nvidia,Quadro K1100M,329,5.77
2258,Nvidia,GeForce 8800 GTX,330,5.74
2259,Nvidia,Quadro FX 3700M,331,5.63
2260,Nvidia,GeForce 9800 GT,332,5.58
2261,AMD,Radeon HD 6730M,333,5.53
2262,AMD,Radeon HD 7670,334,5.51
2263,AMD,R7 240,335,5.51
2264,AMD,Radeon HD 6700M,336,5.5
2265,Nvidia,GeForce GT 640M,337,5.47
2266,Intel,Iris Pro HD 5200 (V1 Mobile 1.15 GHz),338,5.45
2267,AMD,Radeon  HD 6770M,339,5.44
2268,Intel,UHD Graphics 630 (Desktop Coffee Lake i5 i7),340,5.38
2269,Nvidia,GeForce GT 745M,289,7.43
2270,Nvidia,GTX 260,288,7.51
2271,Intel,Iris Plus G4,287,7.54
2272,AMD,RX Vega 6 (Ryzen iGPU),286,7.58
2273,AMD,HD 6790,235,10.4
2274,AMD,Radeon HD 6770,236,10.3
2275,AMD,FirePro M6000,237,10.1
2276,ATI,HD 4890,238,10.1
2277,Nvidia,Quadro 5000,239,10.1
2278,Nvidia,GeForce GTX 645,240,10.1
2279,AMD,RX Vega 8 (Ryzen iGPU),234,10.5
2280,AMD,HD 6970M,241,10.1
2281,Nvidia,GeForce GT 755M,243,9.96
2282,Nvidia,GTX 745 (OEM),244,9.93
2283,AMD,Radeon 540,245,9.86
2284,Asus,EAH6770,246,9.78
2285,Nvidia,GTX 940M,247,9.77
2286,Nvidia,940MX,248,9.72
2287,Nvidia,MX130,242,10
2288,AMD,R9 M370X,233,10.5
2289,Nvidia,GTX 460 SE,232,10.5
2290,AMD,HD 5770,231,10.6
2291,Nvidia,GeForce GTX 555,216,12
2292,Nvidia,GTX 670MX,217,12
2293,Nvidia,GeForce GTX 560 SE,218,11.8
2294,AMD,HD 6850,219,11.7
2295,Nvidia,GeForce GTX 485M,220,11.6
2296,Nvidia,GTX 760M,221,11.5
2297,Nvidia,MX150-2,222,11.4
2298,Nvidia,Quadro K3100M,223,11.4
2299,Intel,Iris Plus G7,224,11.2
2300,Nvidia,GeForce GTX 295 (SLI Disabled),225,11.1
2301,AMD,RX Vega 10 (Ryzen iGPU),226,11.1
2302,Nvidia,Quadro K620,227,10.9
2303,ATI,Radeon HD 5700,228,10.8
2304,Nvidia,GeForce MX230,229,10.8
2305,Nvidia,GTX 670M,230,10.6
2306,Nvidia,GeForce GTX 570M,249,9.69
2307,Intel,Iris Pro 580 (Mobile Skylake),214,12.3
2308,AMD,FirePro M5100 (FireGL V),250,9.67
2309,AMD,FirePro M8900,252,9.57
2310,AMD,R7 250E,272,8.16
2311,Nvidia,Quadro K3000M,273,8.15
2312,Intel,Iris Plus 640 (Mobile Kaby Lake),274,8.1
2313,Nvidia,GeForce GT 740,275,8.05
2314,AMD,Radeon HD 6700,276,8.05
2315,ATI,Radeon HD 4850,277,7.92
2316,Nvidia,Quadro 4000M,271,8.27
2317,ATI,Radeon HD 4850-X2,278,7.84
2318,Nvidia,GeForce 9800 GTX,280,7.79
2319,Nvidia,Quadro K2100M,281,7.72
2320,Nvidia,Quadro K2000,282,7.68
2321,Nvidia,GTX 660M,283,7.67
2322,Nvidia,GeForce GTS 450,284,7.66
2323,Nvidia,GeForce GTX 560M,285,7.58
2324,AMD,HD 7750,279,7.81
2325,AMD,HD 5750,270,8.28
2326,AMD,R7 250,269,8.37
2327,Nvidia,Quadro FX 5800,268,8.4
2328,Nvidia,GeForce GTX 285,253,9.56
2329,Nvidia,GeForce 840M,254,9.41
2330,Intel," Iris Plus 650 (Mobile Kaby Lake)",255,9.35
2331,Nvidia,GTX 275,256,9.24
2332,AMD,Radeon HD 7800M,257,9.09
2333,Nvidia,GTX 550-Ti,258,9.09
2334,Nvidia,GTX 650,259,8.7
2335,ATI,HD 4870,260,8.66
2336,ATI,FirePro V5800 (FireGL V),261,8.64
2337,Nvidia,GeForce GTX 280,262,8.64
2338,AMD,Mobility Radeon HD 5870,263,8.63
2339,Nvidia,GeForce GT 750M,264,8.6
2340,Nvidia,930MX,265,8.6
2341,Intel,Iris 550 (Mobile Skylake),266,8.59
2342,Nvidia,GeForce GTX 480M,267,8.41
2343,Intel,Iris Pro HD 6200 (Desktop),251,9.62
2344,Nvidia,RTX 3090,1,229
